City_ID,City,Country,Lat,Lng,Max Temp,Humidity,Cloudiness,Wind Speed,Current Description
0,Arraial Do Cabo,BR,-22.9661,-42.0278,82.4,65,20,18.41,few clouds
1,Kodiak,US,57.79,-152.4072,30.2,34,1,4.61,clear sky
2,Port Alfred,ZA,-33.5906,26.891,63.14,82,100,17.94,overcast clouds
3,Nishihara,JP,26.1842,127.7558,71.6,94,20,4.61,few clouds
4,Severo-Kurilsk,RU,50.6789,156.125,27.73,82,60,17.11,broken clouds
5,Riyadh,SA,24.6877,46.7219,96.8,7,0,9.22,clear sky
6,Oblivskaya,RU,48.5362,42.5014,50.23,60,33,7.14,scattered clouds
7,Avera,US,33.194,-82.5271,48.0,36,1,13.8,clear sky
8,Abengourou,CI,6.7297,-3.4964,95.25,32,96,2.15,overcast clouds
9,Tonneins,FR,44.3921,0.3124,75.2,35,0,3.44,clear sky
10,Rikitea,PF,-23.1203,-134.9692,76.71,79,89,12.84,overcast clouds
11,Impfondo,CG,1.6381,18.0667,83.14,65,87,0.96,overcast clouds
12,Mehamn,NO,71.0357,27.8492,31.01,88,99,0.38,overcast clouds
13,Kieta,PG,-6.2167,155.6333,79.9,81,100,0.72,overcast clouds
14,Saint George,US,37.1041,-113.5841,53.6,28,1,5.75,clear sky
15,Comodoro Rivadavia,AR,-45.8667,-67.5,68.0,56,20,8.05,few clouds
16,Rundu,NA,-17.9333,19.7667,79.38,43,83,4.29,broken clouds
17,Clyde River,CA,70.4692,-68.5914,-9.4,77,75,31.07,snow
18,New Norfolk,AU,-42.7826,147.0587,62.6,67,21,17.27,few clouds
19,Kaitangata,NZ,-46.2817,169.8464,41.9,91,49,5.86,scattered clouds
20,Norman Wells,CA,65.282,-126.8329,-4.0,77,75,6.91,broken clouds
21,Jacobina,BR,-11.1806,-40.5183,92.61,34,49,7.87,scattered clouds
22,Galbshtadt,RU,53.2264,78.9845,31.41,82,100,14.63,overcast clouds
23,Ponta Do Sol,PT,32.6667,-17.1,64.99,63,53,5.01,broken clouds
24,Vaini,TO,-21.2,-175.2,75.2,94,40,2.3,light rain
25,Tiksi,RU,71.6872,128.8694,-15.3,100,100,7.2,overcast clouds
26,Carnarvon,AU,-24.8667,113.6333,80.6,78,15,12.66,few clouds
27,Rio Gallegos,AR,-51.6226,-69.2181,51.8,71,0,10.36,clear sky
28,Bredasdorp,ZA,-34.5322,20.0403,69.8,49,96,11.5,overcast clouds
29,Dunedin,NZ,-45.8742,170.5036,50.0,81,41,6.42,scattered clouds
30,Trairi,BR,-3.2778,-39.2689,87.24,58,35,12.37,scattered clouds
31,Albany,US,42.6001,-73.9662,30.99,45,100,8.01,overcast clouds
32,Mataura,NZ,-46.1927,168.8643,38.84,96,55,2.1,broken clouds
33,Bonthe,SL,7.5264,-12.505,85.82,66,76,12.12,broken clouds
34,Kampot,KH,10.6167,104.1833,84.2,74,20,10.36,few clouds
35,Butaritari,KI,3.0707,172.7902,81.45,80,21,17.11,light rain
36,Geraldton,AU,-28.7667,114.6,71.6,94,40,5.75,scattered clouds
37,Khatanga,RU,71.9667,102.5,-29.94,98,5,4.94,clear sky
38,Qaanaaq,GL,77.484,-69.3632,-10.1,76,100,9.86,overcast clouds
39,Saint-Pierre,RE,-21.3393,55.4781,77.0,83,75,18.41,light rain
40,Eyl,SO,7.9803,49.8164,80.65,63,0,10.58,clear sky
41,Provideniya,RU,64.3833,-173.3,11.05,93,100,15.95,snow
42,Karachi,PK,24.9056,67.0822,86.0,17,0,5.75,clear sky
43,Punta Arenas,CL,-53.15,-70.9167,48.2,71,0,16.11,clear sky
44,Alta Gracia,AR,-31.6529,-64.4283,75.0,63,9,8.99,clear sky
45,Souillac,MU,-20.5167,57.5167,78.8,89,40,6.91,light rain
46,Upernavik,GL,72.7868,-56.1549,-9.53,88,100,13.78,overcast clouds
47,Palana,RU,59.1167,159.9667,11.25,92,100,8.86,light snow
48,Cayenne,GF,4.9333,-52.3333,80.6,78,75,1.14,broken clouds
49,Tiznit,MA,29.5833,-9.5,71.04,40,100,9.89,overcast clouds
50,Jamestown,US,42.097,-79.2353,30.99,43,1,14.97,clear sky
51,Busselton,AU,-33.65,115.3333,62.01,84,97,14.56,overcast clouds
52,Isangel,VU,-19.55,169.2667,78.69,88,97,5.75,overcast clouds
53,Virginia Beach,US,36.8529,-75.978,41.0,45,75,17.27,broken clouds
54,Leh,IN,34.1667,77.5833,29.97,38,100,6.31,overcast clouds
55,Kapaa,US,22.0752,-159.319,73.4,73,75,13.8,light rain
56,Kingaroy,AU,-26.5333,151.8333,62.6,77,90,6.91,overcast clouds
57,Hobart,AU,-42.8794,147.3294,62.6,72,26,14.97,scattered clouds
58,Noumea,NC,-22.2763,166.4572,78.01,100,90,6.91,moderate rain
59,Avarua,CK,-21.2078,-159.775,78.8,83,20,4.61,few clouds
60,Dinar,TR,38.065,30.1656,50.0,62,40,18.41,scattered clouds
61,Puerto Ayora,EC,-0.7393,-90.3518,82.4,69,20,5.75,few clouds
62,Praia,CV,14.9215,-23.5087,87.8,22,0,17.27,clear sky
63,San Policarpo,PH,12.1791,125.5072,81.41,72,46,12.5,scattered clouds
64,Samarai,PG,-10.6167,150.6667,80.15,81,100,3.78,overcast clouds
65,Dingle,PH,10.9995,122.6711,75.83,87,100,6.51,overcast clouds
66,Grindavik,IS,63.8424,-22.4338,42.8,75,75,16.11,broken clouds
67,Los Llanos De Aridane,ES,28.6585,-17.9182,73.4,60,40,6.91,scattered clouds
68,Bacolod,PH,10.6667,122.95,78.37,81,100,9.53,overcast clouds
69,Georgetown,MY,5.4112,100.3354,84.2,89,40,3.44,scattered clouds
70,Sibenik,HR,43.7272,15.9058,66.0,63,0,6.91,clear sky
71,Lavrentiya,RU,65.5833,-171.0,8.04,94,100,18.05,snow
72,Lebu,CL,-37.6167,-73.65,59.99,79,45,14.61,scattered clouds
73,Hermanus,ZA,-34.4187,19.2345,69.01,60,64,5.99,broken clouds
74,Yellowknife,CA,62.456,-114.3525,5.0,85,90,5.75,light snow
75,Ahipara,NZ,-35.1667,173.1667,63.36,80,44,10.58,scattered clouds
76,Aragats,AM,40.4889,44.3528,57.2,30,40,9.22,scattered clouds
77,Kavaratti,IN,10.5669,72.642,83.71,62,97,10.54,overcast clouds
78,Pokrovsk,UA,48.282,37.1758,53.71,55,51,7.54,broken clouds
79,Hilo,US,19.7297,-155.09,66.2,88,20,4.61,light rain
80,Cabo San Lucas,MX,22.8909,-109.9124,78.8,29,20,8.25,few clouds
81,Praia Da Vitoria,PT,38.7333,-27.0667,61.0,88,75,23.67,broken clouds
82,Annau,TM,37.8876,58.516,75.2,22,75,9.22,broken clouds
83,Dikson,RU,73.5069,80.5464,-7.04,79,100,6.38,overcast clouds
84,Tiarei,PF,-17.5333,-149.3333,77.0,78,20,2.3,light rain
85,Benguela,AO,-12.5763,13.4055,83.7,73,33,7.49,scattered clouds
86,Esperance,AU,-33.8667,121.9,66.2,94,90,8.05,overcast clouds
87,Kizukuri,JP,40.8061,140.3861,46.99,78,100,5.37,overcast clouds
88,Puerto Del Rosario,ES,28.5004,-13.8627,69.8,68,20,16.11,few clouds
89,Ushuaia,AR,-54.8,-68.3,48.2,76,0,4.61,clear sky
90,Petropavlovsk-Kamchatskiy,RU,53.0452,158.6483,28.4,59,92,11.18,overcast clouds
91,Namatanai,PG,-3.6667,152.4333,80.89,77,99,5.82,overcast clouds
92,Narsaq,GL,60.9167,-46.05,39.2,81,75,3.44,light snow
93,Cabatuan,PH,10.8794,122.486,76.5,83,100,8.9,overcast clouds
94,Key West,US,24.5557,-81.7826,71.6,56,1,19.57,clear sky
95,Iturama,BR,-19.7281,-50.1956,89.96,30,38,5.5,scattered clouds
96,Chopovychi,UA,50.8332,28.9533,44.49,58,71,6.44,broken clouds
97,Tanout,NE,14.9709,8.8879,89.42,5,16,15.46,few clouds
98,Pisz,PL,53.6274,21.8125,48.2,43,75,6.91,broken clouds
99,Mar Del Plata,AR,-38.0023,-57.5575,69.8,68,40,10.36,scattered clouds
100,Tura,IN,25.5198,90.2201,74.46,16,0,3.71,clear sky
101,Victoria,HK,22.2855,114.1577,79.0,89,1,4.88,clear sky
102,Bambous Virieux,MU,-20.3428,57.7575,80.01,89,40,6.91,light rain
103,Sinnamary,GF,5.3833,-52.95,78.4,86,100,8.21,overcast clouds
104,Nanortalik,GL,60.1432,-45.2371,35.8,99,100,3.27,overcast clouds
105,Kenai,US,60.5544,-151.2583,1.4,85,1,6.8,clear sky
106,Hofn,IS,64.2539,-15.2082,45.86,82,31,8.14,scattered clouds
107,Akdepe,TM,42.0551,59.3788,62.6,22,0,20.71,clear sky
108,Ancud,CL,-41.8697,-73.8203,55.99,87,90,2.3,overcast clouds
109,Atuona,PF,-9.8,-139.0333,80.8,78,82,13.33,broken clouds
110,Vao,NC,-22.6667,167.4833,74.23,88,100,29.89,light rain
111,Longyearbyen,SJ,78.2186,15.6401,21.2,79,75,16.11,broken clouds
112,Codrington,AU,-38.2667,141.9667,64.92,39,0,9.78,clear sky
113,Fukue,JP,32.6881,128.8419,64.18,86,100,17.34,overcast clouds
114,Littlehampton,GB,50.8069,-0.5378,55.0,58,0,16.11,clear sky
115,Cidreira,BR,-30.1811,-50.2056,71.8,72,82,10.45,broken clouds
116,Cherepovets,RU,59.1333,37.9,39.2,60,40,2.24,scattered clouds
117,Pedernales,DO,18.0384,-71.744,83.7,57,4,4.54,clear sky
118,Tasiilaq,GL,65.6145,-37.6368,32.0,86,90,6.91,overcast clouds
119,Potosi,BO,-19.5836,-65.7531,53.01,40,31,4.09,scattered clouds
120,Iqaluit,CA,63.7506,-68.5145,-13.0,64,20,2.3,few clouds
121,Bluff,NZ,-46.6,168.3333,49.08,72,44,9.51,scattered clouds
122,Barrow,US,71.2906,-156.7887,-23.8,76,40,6.91,scattered clouds
123,Tuktoyaktuk,CA,69.4541,-133.0374,-27.4,75,20,2.3,few clouds
124,East London,ZA,-33.0153,27.9116,62.6,94,90,16.11,light rain
125,Washington,US,47.5001,-120.5015,43.0,57,4,4.38,clear sky
126,Alofi,NU,-19.0595,-169.9187,69.8,100,19,2.3,few clouds
127,Salalah,OM,17.0151,54.0924,84.2,70,0,5.75,clear sky
128,Yeppoon,AU,-23.1333,150.7333,71.6,64,90,10.36,overcast clouds
129,Egvekinot,RU,66.3167,-179.1667,-2.02,86,100,21.43,overcast clouds
130,Saint-Joseph,RE,-21.3667,55.6167,77.0,83,75,18.41,light rain
131,Salinopolis,BR,-0.6136,-47.3561,81.55,76,44,2.04,scattered clouds
132,Devonport,AU,-41.1667,146.35,54.0,93,10,4.05,clear sky
133,Hithadhoo,MV,-0.6,73.0833,83.88,77,29,20.0,scattered clouds
134,Pisco,PE,-13.7,-76.2167,72.0,73,26,5.75,scattered clouds
135,Nabire,ID,-3.3667,135.4833,76.15,93,100,1.61,light rain
136,Saint-Philippe,RE,-21.3585,55.7679,77.0,83,75,18.41,light rain
137,Pevek,RU,69.7008,170.3133,-19.28,96,12,3.87,few clouds
138,Belmonte,BR,-15.8631,-38.8828,82.4,78,75,2.3,heavy intensity rain
139,Asyut,EG,27.181,31.1837,69.8,30,0,12.66,clear sky
140,Ciudad Guayana,VE,8.3533,-62.6528,86.0,63,35,1.99,scattered clouds
141,Tambopata,PE,-12.7333,-69.1833,75.2,94,90,4.61,mist
142,Bethel,US,41.3712,-73.414,30.2,40,90,12.66,overcast clouds
143,Azuaga,ES,38.2667,-5.6833,62.01,54,55,14.0,broken clouds
144,Husavik,IS,66.0449,-17.3389,46.4,49,0,23.02,clear sky
145,Makakilo City,US,21.3469,-158.0858,71.6,77,1,5.75,clear sky
146,Saldanha,ZA,-33.0117,17.9442,71.6,53,80,10.36,broken clouds
147,Castro,BR,-24.7911,-50.0119,71.8,48,27,3.42,scattered clouds
148,Awjilah,LY,29.1081,21.2869,72.75,19,0,5.06,clear sky
149,Cape Town,ZA,-33.9258,18.4232,69.8,56,0,11.5,clear sky
150,Alugan,PH,12.2188,125.4808,81.07,72,40,11.77,scattered clouds
151,San Patricio,US,28.017,-97.5169,71.6,37,75,19.57,broken clouds
152,Sitka,US,57.0531,-135.33,35.6,75,90,11.5,snow
153,Nikolskoye,RU,59.7035,30.7861,39.2,70,75,6.71,broken clouds
154,Port Elizabeth,ZA,-33.918,25.5701,64.4,82,0,16.11,clear sky
155,Ayan,RU,56.45,138.1667,25.72,96,100,9.98,light snow
156,Nouadhibou,MR,20.931,-17.0347,77.0,57,66,18.41,broken clouds
157,Pasighat,IN,28.0667,95.3333,68.31,59,20,5.28,few clouds
158,Belle Fourche,US,44.6714,-103.8522,63.0,14,1,19.57,clear sky
159,Henties Bay,NA,-22.116,14.2845,69.01,78,9,13.0,clear sky
160,Wasilla,US,61.5814,-149.4394,8.6,92,1,0.92,clear sky
161,Vostok,RU,46.4856,135.8833,35.31,80,100,7.09,light snow
162,Gornyak,RU,50.9942,81.4661,23.11,79,68,8.99,broken clouds
163,Brae,GB,60.3964,-1.353,44.6,61,40,14.97,scattered clouds
164,Bengkulu,ID,-3.8004,102.2655,77.74,88,100,11.79,overcast clouds
165,Caravelas,BR,-17.7125,-39.2481,83.44,67,28,7.61,scattered clouds
166,La Paz,BO,-16.5,-68.15,53.6,71,75,6.91,broken clouds
167,Albanel,CA,48.8832,-72.4487,17.6,62,100,13.8,overcast clouds
168,Arman,RU,59.7,150.1667,2.25,82,9,8.77,clear sky
169,Westport,US,41.1415,-73.3579,33.01,40,90,16.11,overcast clouds
170,Lompoc,US,34.6391,-120.4579,48.2,100,0,4.79,clear sky
171,Sambava,MG,-14.2667,50.1667,77.77,86,52,13.73,light rain
172,Pio Xii,BR,-3.8325,-45.1525,88.74,56,68,2.75,broken clouds
173,Mogadishu,SO,2.0371,45.3438,82.44,77,24,13.15,few clouds
174,Bambanglipuro,ID,-7.95,110.2833,78.33,85,97,3.42,overcast clouds
175,Oranjemund,NA,-28.55,16.4333,64.27,72,13,18.5,few clouds
176,Huarmey,PE,-10.0681,-78.1522,73.76,75,60,7.72,broken clouds
177,Gornopravdinsk,RU,60.05,69.9,33.35,97,100,8.55,overcast clouds
178,Moron,AR,-34.6534,-58.6198,73.4,56,0,10.36,clear sky
179,Ostrovnoy,RU,68.0531,39.5131,24.42,95,98,2.91,overcast clouds
180,Syracuse,IT,37.0881,15.2792,69.8,46,0,11.5,clear sky
181,Airai,TL,-8.9266,125.4092,60.51,97,100,3.83,light rain
182,Half Moon Bay,US,37.4636,-122.4286,55.0,87,90,8.05,mist
183,Katsuura,JP,35.1333,140.3,59.0,77,75,8.05,broken clouds
184,Katangli,RU,51.7102,143.2326,29.08,93,100,12.12,overcast clouds
185,Kaeo,NZ,-35.1,173.7833,61.0,86,47,4.0,scattered clouds
186,Lebedinyy,RU,58.5167,125.5167,-3.91,99,98,1.25,overcast clouds
187,Japura,ID,-0.3167,102.35,76.91,85,98,3.71,overcast clouds
188,Vila Do Maio,CV,15.1333,-23.2167,87.8,22,0,17.27,clear sky
189,Nome,US,64.5011,-165.4064,7.0,85,90,27.63,snow
190,Fort Nelson,CA,58.8053,-122.7002,12.2,62,75,8.05,broken clouds
191,Malanje,AO,-9.5402,16.341,71.2,89,84,4.47,light rain
192,Payo,ID,-3.7508,103.6372,74.08,97,99,2.35,overcast clouds
193,Dubbo,AU,-32.25,148.6167,60.8,82,0,8.05,clear sky
194,Luena,AO,-11.7833,19.9167,77.0,69,40,6.91,light rain
195,Fort Frances,CA,48.5999,-93.4003,45.0,33,1,13.8,clear sky
196,Cassilandia,BR,-19.1133,-51.7342,90.95,35,72,3.27,broken clouds
197,Canita,PA,9.2097,-78.8811,87.8,55,40,17.27,scattered clouds
198,Urumqi,CN,43.801,87.6005,48.2,34,0,8.95,clear sky
199,Halifax,CA,44.6453,-63.5724,42.8,87,100,5.75,light rain
200,Vila,PT,42.0304,-8.1588,55.99,90,100,3.0,overcast clouds
201,Nhulunbuy,AU,-12.2333,136.7667,80.6,78,75,11.5,broken clouds
202,Ucluelet,CA,48.9329,-125.5528,41.0,93,90,3.44,overcast clouds
203,Amarwara,IN,22.3,79.1667,81.81,8,0,5.44,clear sky
204,Urdoma,RU,61.7533,48.5442,25.75,94,86,1.14,light snow
205,Bougouni,ML,11.417,-7.479,104.85,4,31,8.75,scattered clouds
206,Charters Towers,AU,-20.1,146.2667,65.28,77,1,9.64,clear sky
207,Olinda,BR,-8.0089,-34.8553,84.2,58,20,8.05,few clouds
208,Kloulklubed,PW,7.0419,134.2556,78.8,94,75,10.6,broken clouds
209,Dunda,TZ,-8.1167,34.25,68.54,80,98,5.46,light rain
210,Sao Filipe,CV,14.8961,-24.4956,75.67,64,1,9.78,clear sky
211,Winsum,NL,53.33,6.5208,46.99,85,100,3.0,overcast clouds
212,Pacific Grove,US,36.6177,-121.9166,53.01,82,90,5.75,haze
213,Panacan,PH,9.2463,118.4082,80.6,89,90,4.61,overcast clouds
214,Brainerd,US,46.358,-94.2008,46.99,31,1,24.16,clear sky
215,Kupang,ID,-10.1667,123.5833,78.53,89,100,14.18,moderate rain
216,Mossendjo,CG,-2.9506,12.7261,76.21,91,89,2.19,light rain
217,Ekhabi,RU,53.5102,142.9671,30.29,89,100,17.0,overcast clouds
218,Port-Gentil,GA,-0.7193,8.7815,82.4,78,20,12.66,light rain
219,Seymchan,RU,62.8833,152.4333,-18.24,99,30,3.02,scattered clouds
220,Leningradskaya,RU,46.3214,39.3877,50.32,74,56,9.66,broken clouds
221,Shubarkuduk,KZ,49.1447,56.4872,35.15,80,96,15.55,overcast clouds
222,Beringovskiy,RU,63.05,179.3167,13.82,83,96,18.48,overcast clouds
223,Talnakh,RU,69.4865,88.3972,-11.78,76,31,5.84,scattered clouds
224,Bandarbeyla,SO,9.4942,50.8122,79.86,69,0,7.99,clear sky
225,Mongo,TD,12.1844,18.693,96.35,9,55,8.57,broken clouds
226,Ambulu,ID,-8.345,113.6058,76.39,88,66,2.73,broken clouds
227,Toucheng,TW,24.8592,121.8233,77.0,100,40,4.61,scattered clouds
228,Lac Du Bonnet,CA,50.2536,-96.0612,46.0,91,100,13.0,overcast clouds
229,Nara,JP,34.6851,135.8049,61.0,60,5,7.02,clear sky
230,Tuatapere,NZ,-46.1333,167.6833,41.95,87,49,3.8,scattered clouds
231,Chokurdakh,RU,70.6333,147.9167,-1.91,98,100,3.24,overcast clouds
232,Melfort,CA,52.8667,-104.6177,39.2,52,6,8.05,clear sky
233,Padre Bernardo,BR,-15.35,-48.5,87.85,44,33,4.59,scattered clouds
234,Sabya,SA,17.1495,42.6254,84.2,74,0,11.5,clear sky
235,Yasnyy,RU,51.0333,59.8742,27.95,83,100,10.31,overcast clouds
236,Barranca,PE,-10.75,-77.7667,72.45,73,19,7.74,few clouds
237,Kashi,CN,39.4547,75.9797,41.0,70,40,4.47,scattered clouds
238,Ballsh,AL,40.5989,19.7347,61.72,61,85,2.8,overcast clouds
239,Namibe,AO,-15.1961,12.1522,82.4,74,40,20.71,scattered clouds
240,Ust-Shonosha,RU,61.1531,41.343,31.03,95,100,1.83,overcast clouds
241,Mozarlandia,BR,-14.7447,-50.5706,92.68,45,64,1.21,broken clouds
242,Kirksville,US,40.1948,-92.5833,45.0,36,1,16.11,clear sky
243,Varzob,TJ,38.7737,68.8178,53.6,37,1,6.71,clear sky
244,Maues,BR,-3.3836,-57.7186,87.94,59,95,2.28,overcast clouds
245,Kavieng,PG,-2.5744,150.7967,81.99,79,100,7.83,overcast clouds
246,Ilulissat,GL,69.2167,-51.1,10.4,61,40,6.91,scattered clouds
247,Indiaroba,BR,-11.5192,-37.5117,89.62,47,39,9.71,scattered clouds
248,Whitley Bay,GB,55.0397,-1.4471,50.0,61,75,12.66,broken clouds
249,Thompson,CA,55.7435,-97.8558,39.2,60,40,11.5,scattered clouds
250,Kismayo,SO,-0.3582,42.5454,82.78,78,56,12.53,broken clouds
251,Hasaki,JP,35.7333,140.8333,53.6,76,20,5.75,few clouds
252,Abay,KZ,49.6311,72.8539,24.8,74,0,8.95,clear sky
253,Sao Borja,BR,-28.6606,-56.0044,76.91,53,0,7.4,clear sky
254,Kaduy,RU,59.2,37.15,39.2,60,40,2.24,scattered clouds
255,Acapulco,MX,16.8634,-99.8901,87.8,42,1,2.89,smoke
256,Hirara,JP,24.8,125.2833,75.79,89,17,4.41,few clouds
257,Fallon,US,39.4735,-118.7774,44.6,53,40,4.61,scattered clouds
258,Eberndorf,AT,46.5914,14.6436,68.0,32,20,6.91,few clouds
259,College,US,64.8569,-147.8028,-2.0,71,90,3.44,light snow
260,Montelibano,CO,7.9829,-75.4229,88.86,59,62,5.1,broken clouds
261,Tahta,EG,26.7693,31.5021,73.4,25,0,12.66,clear sky
262,Enying,HU,46.9305,18.242,60.01,36,18,11.01,few clouds
263,Toamasina,MG,-18.1667,49.3833,80.6,65,75,9.22,broken clouds
264,Mecca,SA,21.4267,39.8261,78.55,30,27,16.55,scattered clouds
265,Karratha,AU,-20.7377,116.8463,82.74,52,0,3.15,clear sky
266,Bichura,RU,50.5881,107.6022,29.64,65,39,3.06,scattered clouds
267,Broken Hill,AU,-31.95,141.4333,64.4,45,0,5.75,clear sky
268,Qixingtai,CN,30.4135,111.8874,52.0,83,100,14.52,overcast clouds
269,Cherskiy,RU,68.75,161.3,-17.63,92,39,7.56,scattered clouds
270,Naze,JP,28.3667,129.4833,66.58,93,100,16.44,overcast clouds
271,Agadez,NE,19.75,10.25,84.67,8,0,12.1,clear sky
272,Itarema,BR,-2.9248,-39.9167,86.92,57,25,13.4,scattered clouds
273,Maniitsoq,GL,65.4167,-52.9,15.06,69,100,8.01,overcast clouds
274,Fortuna,US,40.5982,-124.1573,48.0,100,90,4.61,overcast clouds
275,Te Anau,NZ,-45.4167,167.7167,39.54,91,38,1.48,scattered clouds
276,Athabasca,CA,54.7169,-113.2854,35.6,51,69,6.91,broken clouds
277,Pochutla,MX,15.7432,-96.4661,89.01,65,1,5.93,clear sky
278,Waipawa,NZ,-41.4122,175.5153,55.4,67,58,18.41,broken clouds
279,Arlit,NE,18.7369,7.3853,92.01,5,1,8.93,clear sky
280,Lanzhou,CN,36.0564,103.7922,42.01,97,100,4.16,light rain
281,Flinders,AU,-34.5833,150.8552,62.01,86,1,1.01,clear sky
282,Franklin,US,39.9667,-83.0166,39.0,44,20,10.36,few clouds
283,Banda Aceh,ID,5.5577,95.3222,80.58,79,100,11.21,overcast clouds
284,Mandiana,GN,10.6333,-8.6833,104.32,7,12,8.03,few clouds
285,Bereda,ES,43.2686,-7.5406,66.0,64,95,8.99,overcast clouds
286,Constitucion,CL,-35.3333,-72.4167,66.65,57,12,6.78,few clouds
287,Ayni,TJ,39.3941,68.5377,34.11,60,0,7.43,clear sky
288,Nisia Floresta,BR,-6.0911,-35.2086,89.6,58,20,11.5,few clouds
289,Rocha,UY,-34.4833,-54.3333,71.22,63,17,10.07,few clouds
290,Laguna,US,38.421,-121.4238,61.0,62,1,2.91,clear sky
291,Ribeira Grande,PT,38.5167,-28.7,60.8,88,75,19.57,broken clouds
292,Adrar,MR,20.5022,-10.0711,101.44,3,16,9.62,few clouds
293,Rawson,AR,-43.3002,-65.1023,68.85,56,100,15.97,overcast clouds
294,Toora-Khem,RU,52.4675,96.11,20.48,94,13,2.59,few clouds
295,Kikwit,CD,-5.041,18.8162,81.86,69,89,3.44,overcast clouds
296,Lamar,US,33.6668,-95.5836,55.0,46,1,18.41,clear sky
297,Cockburn Town,TC,21.4612,-71.1419,78.13,74,2,18.68,clear sky
298,Shenjiamen,CN,29.9576,122.298,59.18,97,82,7.7,light rain
299,Garissa,KE,-0.4536,39.6401,91.9,40,80,14.07,broken clouds
300,Farafangana,MG,-22.8167,47.8333,75.18,65,38,5.03,scattered clouds
301,San Juan,AR,-31.5375,-68.5364,80.2,36,2,7.94,clear sky
302,Baijiantan,CN,45.6333,85.1833,48.65,39,100,2.84,overcast clouds
303,Gigmoto,PH,13.7796,124.39,78.44,78,9,8.12,clear sky
304,Jijiga,ET,9.35,42.8,72.86,21,12,18.45,few clouds
305,Charyshskoye,RU,51.3978,83.5598,25.52,88,77,4.16,broken clouds
306,El Reno,US,35.5323,-97.955,60.01,44,1,21.85,clear sky
307,Alta Floresta,BR,-9.8756,-56.0861,83.7,70,100,1.34,overcast clouds
308,Padang,ID,-0.9492,100.3543,77.0,78,20,2.3,few clouds
309,Jacqueville,CI,5.2052,-4.4146,89.6,70,20,11.5,few clouds
310,Leningradskiy,RU,69.3833,178.4167,-20.31,100,98,1.66,overcast clouds
311,Aklavik,CA,68.2191,-135.0107,-18.4,76,100,2.3,overcast clouds
312,Lasa,IT,46.6166,10.7002,80.6,38,0,5.75,clear sky
313,Maxixe,MZ,-23.8597,35.3472,82.4,51,20,4.61,few clouds
314,Calamar,CO,10.2511,-74.9146,87.8,66,40,3.44,scattered clouds
315,Karpathos,GR,35.507,27.2132,60.8,63,20,16.11,few clouds
316,Komsomolskiy,UZ,40.4272,71.7189,46.4,31,0,4.61,clear sky
317,Lockhart,US,28.6194,-81.4426,64.99,42,1,17.27,clear sky
318,Lerwick,GB,60.1545,-1.1494,44.6,61,40,14.97,scattered clouds
319,Znamenskoye,RU,57.1281,73.8282,33.75,97,100,13.11,overcast clouds
320,Umm Kaddadah,SD,13.6017,26.6876,87.3,9,18,15.64,few clouds
321,Carlsbad,US,33.1581,-117.3506,61.0,67,90,4.83,overcast clouds
322,Launceston,AU,-41.45,147.1667,59.0,88,90,10.36,overcast clouds
323,Esmeraldas,BR,-19.7625,-44.3139,82.4,65,40,3.44,scattered clouds
324,Santa Maria Da Boa Vista,BR,-8.8078,-39.8256,95.83,28,67,10.29,broken clouds
325,Bonfim,BR,3.0833,-59.95,92.88,39,86,7.07,overcast clouds
326,Suoyarvi,RU,62.0833,32.35,32.9,98,100,2.21,snow
327,Hlinsko,CZ,49.7621,15.9076,42.01,80,99,7.0,overcast clouds
328,Camacha,PT,33.0833,-16.3333,66.2,63,40,11.5,scattered clouds
329,Ryazhsk,RU,53.7038,40.1109,34.68,98,100,8.14,snow
330,Sandnessjoen,NO,66.0217,12.6316,37.4,65,90,12.66,light rain
331,Sakaraha,MG,-22.9,44.5333,76.78,55,20,6.46,few clouds
332,Bilibino,RU,68.0546,166.4372,-10.39,90,100,7.29,overcast clouds
333,Lorengau,PG,-2.0226,147.2712,81.43,77,96,3.98,overcast clouds
334,Sakaiminato,JP,35.55,133.2333,62.6,55,40,9.22,scattered clouds
335,Vila Velha,BR,-20.3297,-40.2925,80.6,69,0,12.66,clear sky
336,Hualmay,PE,-11.0964,-77.6139,73.71,73,35,8.28,scattered clouds
337,San Cristobal,VE,7.7669,-72.225,78.8,89,75,4.61,fog
338,Rio Grande,BR,-32.035,-52.0986,77.0,57,40,13.8,light rain
339,Vardo,NO,70.3705,31.1107,32.94,71,98,5.19,overcast clouds
340,Mungwi,ZM,-10.1732,31.3694,64.63,91,56,5.17,light rain
341,Chumikan,RU,54.7183,135.315,29.32,97,100,19.24,snow
342,Bilma,NE,18.6853,12.9164,86.31,7,0,9.53,clear sky
343,Chuy,UY,-33.6971,-53.4616,72.59,57,60,7.74,broken clouds
344,Velyka Mykhaylivka,UA,47.0794,29.8514,50.18,82,100,16.49,light rain
345,Mae Hong Son,TH,19.3003,97.9685,81.54,44,96,1.68,overcast clouds
346,Bani Walid,LY,31.7566,13.9942,82.36,14,1,6.24,clear sky
347,Rumoi,JP,43.9344,141.6428,40.23,70,100,9.55,overcast clouds
348,Pareora,NZ,-44.4871,171.2132,46.0,94,28,6.46,scattered clouds
349,Verkhniy Mamon,RU,50.1635,40.3832,52.77,54,54,7.76,broken clouds
350,Chalisgaon,IN,20.4667,75.0167,89.67,14,33,4.54,scattered clouds
351,Hitachi,JP,36.6,140.65,57.0,70,71,4.38,broken clouds
352,Tabuk,PH,17.4189,121.4443,73.22,71,6,3.0,clear sky
353,Nantucket,US,41.2835,-70.0995,35.6,55,20,11.5,few clouds
354,Mahebourg,MU,-20.4081,57.7,78.8,89,40,6.91,light rain
355,Tumen,CN,42.9661,129.8425,44.35,74,100,0.83,overcast clouds
356,Constantine,DZ,36.365,6.6147,75.2,41,0,11.5,clear sky
357,Pitea,SE,65.3172,21.4794,42.8,45,0,14.97,clear sky
358,Homer,US,59.6425,-151.5483,19.4,73,1,3.44,clear sky
359,Vila Franca Do Campo,PT,37.7167,-25.4333,62.6,88,40,18.41,scattered clouds
360,Sembakung,ID,3.8167,117.25,74.25,97,100,1.07,overcast clouds
361,Kapuskasing,CA,49.4169,-82.4331,30.2,40,9,3.44,clear sky
362,Warangal,IN,18.0,79.5833,89.58,12,5,5.73,clear sky
363,San Quintin,MX,30.4833,-115.95,60.94,74,0,2.77,clear sky
364,Nha Trang,VN,12.25,109.1833,80.6,83,20,1.14,few clouds
365,Bathsheba,BB,13.2167,-59.5167,84.2,48,20,18.41,few clouds
366,Alice Springs,AU,-23.7,133.8833,64.4,59,0,5.75,clear sky
367,Wahiawa,US,21.5028,-158.0236,71.01,94,1,4.61,clear sky
368,Mount Gambier,AU,-37.8333,140.7667,55.4,71,0,5.75,clear sky
369,Sur,OM,22.5667,59.5289,83.12,40,1,1.72,clear sky
370,Belen,TR,36.4891,36.2233,53.6,82,75,5.75,broken clouds
371,Ardakan,IR,32.31,54.0175,80.6,24,75,6.91,sand
372,Bundi,IN,25.4417,75.6417,84.67,7,0,2.37,clear sky
373,Sungaipenuh,ID,-2.0833,101.3833,66.18,97,99,2.33,overcast clouds
374,Fairbanks,US,64.8378,-147.7164,-2.0,84,90,4.61,light snow
375,Vermilion,US,40.1667,-87.7506,39.99,48,1,9.22,clear sky
376,Skibbereen,IE,51.55,-9.2667,51.8,71,20,9.22,few clouds
377,Vicuna,CL,-30.0319,-70.7081,62.6,72,20,9.22,few clouds
378,Borogontsy,RU,62.6683,131.1683,-14.91,100,78,4.0,broken clouds
379,Roma,US,43.2128,-75.4557,33.01,40,40,13.8,scattered clouds
380,Leshukonskoye,RU,64.8989,45.7622,29.48,96,100,1.23,overcast clouds
381,Cibitoke,BI,-2.8833,29.25,65.16,88,89,3.33,light rain
382,La Foa,NC,-21.7108,165.8276,73.4,100,90,6.91,heavy intensity rain
383,Gravdal,NO,68.1214,13.5031,34.57,71,98,20.92,light snow
384,Bartlesville,US,36.7473,-95.9808,55.0,35,1,14.97,clear sky
385,Chimoio,MZ,-19.1164,33.4833,77.0,50,40,3.44,scattered clouds
386,Raudeberg,NO,61.9875,5.1352,42.01,68,44,20.07,scattered clouds
387,Hailar,CN,49.2,119.7,27.36,44,27,17.31,scattered clouds
388,Gamba,GA,-2.65,10.0,82.89,71,71,8.1,broken clouds
389,Neiafu,TO,-18.65,-173.9833,73.4,100,75,10.27,broken clouds
390,Manggar,ID,-2.8833,108.2667,81.09,80,60,6.26,broken clouds
391,Machiques,VE,10.0644,-72.545,89.73,52,88,4.59,overcast clouds
392,Atar,MR,20.5169,-13.0499,105.21,4,21,1.59,few clouds
393,Lantana,US,26.5867,-80.052,75.0,46,20,12.66,few clouds
394,Totana,ES,37.7688,-1.5023,77.0,41,20,6.91,few clouds
395,Gua Musang,MY,4.8823,101.9644,75.43,87,67,1.03,light rain
396,Zharkovskiy,RU,55.849,32.2697,37.02,77,67,4.34,light rain
397,Cap-Aux-Meules,CA,47.3821,-61.8597,41.0,100,100,5.75,overcast clouds
398,Yuzhno-Kurilsk,RU,44.0306,145.8556,36.34,85,100,11.74,overcast clouds
399,Bucerias,MX,20.75,-105.3333,75.2,57,1,3.44,clear sky
400,Altay,CN,47.8667,88.1167,27.12,46,3,9.51,clear sky
401,Havre-Saint-Pierre,CA,50.2334,-63.5986,32.0,100,90,4.61,light rain
402,Rusape,ZW,-18.5278,32.1284,64.53,61,9,5.53,clear sky
403,Yining,CN,29.0361,114.5636,58.37,95,100,2.26,overcast clouds
404,Odienne,CI,9.51,-7.5692,102.9,11,26,8.77,scattered clouds
405,Barahona,DO,18.2085,-71.1008,84.2,70,20,11.5,few clouds
406,Lensk,RU,60.7253,114.9278,-0.56,99,99,2.26,overcast clouds
407,Kruisfontein,ZA,-34.0033,24.7314,63.0,92,100,8.63,overcast clouds
408,Pabna,BD,24.0,89.25,84.43,53,0,17.67,clear sky
409,Ejutla De Crespo,MX,16.5667,-96.7333,66.2,45,20,8.05,few clouds
410,Taltal,CL,-25.4,-70.4833,69.06,67,3,7.45,clear sky
411,Susangerd,IR,31.5608,48.1831,86.0,28,40,2.3,scattered clouds
412,Luderitz,NA,-26.6481,15.1594,74.64,48,0,23.49,clear sky
413,Sao Sebastiao,BR,-23.76,-45.4097,79.23,63,52,7.31,broken clouds
414,Kasempa,ZM,-13.4584,25.8338,69.71,76,40,5.39,scattered clouds
415,Monteprandone,IT,42.9201,13.8426,70.0,46,7,4.38,clear sky
416,Lazaro Cardenas,MX,17.9583,-102.2,88.29,35,2,5.08,clear sky
417,Sarangani,PH,5.4033,125.4636,81.64,80,87,11.59,overcast clouds
418,Palu,ID,-0.8917,119.8707,76.23,89,100,2.01,overcast clouds
419,Itoman,JP,26.1247,127.6694,71.6,94,20,4.61,few clouds
420,Oksfjord,NO,70.2396,22.3479,39.2,65,20,4.92,few clouds
421,Sassandra,CI,4.95,-6.0833,84.96,67,42,9.46,scattered clouds
422,Nivala,FI,63.9167,24.9667,37.99,78,100,3.0,overcast clouds
423,Ponta Delgada,PT,37.7333,-25.6667,62.6,88,40,18.41,scattered clouds
424,Chaoyang,CN,41.5703,120.4586,51.96,34,100,19.28,light rain
425,Troitskoye,RU,52.9821,84.6757,26.91,89,100,8.63,overcast clouds
426,Tual,ID,-5.6667,132.75,82.78,77,92,6.96,overcast clouds
427,Aguas Formosas,BR,-17.0822,-40.9358,84.02,63,73,6.08,broken clouds
428,Mwanza,TZ,-2.5167,32.9,71.6,83,40,5.75,light rain
429,Playas,EC,-2.6333,-80.3833,79.34,72,19,3.91,few clouds
430,Bani,DO,18.2833,-70.3333,84.2,61,40,9.22,scattered clouds
431,Wucheng,CN,29.6008,118.175,64.67,97,100,2.46,overcast clouds
432,Saskylakh,RU,71.9167,114.0833,-37.21,100,49,3.22,scattered clouds
433,Pangnirtung,CA,66.1451,-65.7125,-16.6,58,1,3.91,clear sky
434,Buritis,BR,-15.6178,-46.4233,92.1,37,12,5.26,few clouds
435,Ust-Omchug,RU,61.15,149.6333,-14.82,100,83,1.01,broken clouds
436,Morondava,MG,-20.2833,44.2833,82.4,75,10,9.71,clear sky
437,Camopi,GF,3.1655,-52.3158,76.75,95,100,3.89,overcast clouds
438,Tecoanapa,MX,16.5167,-98.75,90.28,29,0,0.98,clear sky
439,Petukhovo,RU,55.0692,67.9019,32.14,83,64,16.8,broken clouds
440,Xining,CN,36.6167,101.7667,33.04,84,100,5.68,snow
441,Denpasar,ID,-8.65,115.2167,80.6,89,20,2.3,few clouds
442,Churachandpur,IN,24.3333,93.6667,63.91,68,0,2.39,clear sky
443,Saint Andrews,US,34.0454,-81.1293,48.0,36,1,10.36,clear sky
444,Palauig,PH,15.435,119.9045,80.44,65,7,3.6,clear sky
445,Yagodnoye,RU,62.55,149.6667,-16.6,97,42,4.25,scattered clouds
446,Alpena,US,45.0617,-83.4327,35.01,44,1,5.75,clear sky
447,Luanda,AO,-8.8368,13.2343,86.0,70,20,12.66,few clouds
448,Port Lincoln,AU,-34.7333,135.8667,69.75,58,0,6.69,clear sky
449,Orange Cove,US,36.6244,-119.3137,59.0,58,1,4.61,clear sky
450,Mount Isa,AU,-20.7333,139.5,71.6,40,75,4.61,broken clouds
451,Sitapur,IN,27.5667,80.6833,78.73,6,0,5.66,clear sky
452,Shimoda,JP,34.6667,138.95,53.01,85,53,1.01,broken clouds
453,Vanimo,PG,-2.6741,141.3028,77.16,88,100,4.34,moderate rain
454,Coahuayana,MX,18.7333,-103.6833,80.6,44,1,11.5,clear sky
455,Saint Anthony,US,45.0205,-93.218,48.0,36,1,17.27,clear sky
456,Haines Junction,CA,60.7522,-137.5108,10.4,72,100,1.14,overcast clouds
457,Twentynine Palms,US,34.1356,-116.0542,73.99,12,1,5.75,haze
458,Hovd,MN,48.0056,91.6419,30.22,33,22,2.93,few clouds
459,Burnie,AU,-41.0667,145.9167,56.97,92,9,5.95,clear sky
460,Junction City,US,39.0286,-96.8314,57.99,28,1,27.63,clear sky
461,Weiser,US,44.251,-116.9693,51.01,53,1,1.57,clear sky
462,Soyo,AO,-6.1349,12.3689,89.6,66,75,9.22,broken clouds
463,San Marco In Lamis,IT,41.7131,15.6399,73.4,60,40,10.36,scattered clouds
464,Paamiut,GL,61.994,-49.6678,31.59,99,100,6.91,moderate rain
465,Klyuchi,RU,52.2667,79.1667,27.43,80,75,11.18,broken clouds
466,Gidam,IN,18.9833,81.4,81.28,15,11,2.89,few clouds
467,Ewa Beach,US,21.3156,-158.0072,71.6,77,1,5.75,clear sky
468,Port Blair,IN,11.6667,92.75,76.32,71,92,2.64,overcast clouds
469,Shirgaon,IN,19.7,72.7,79.05,70,81,6.46,broken clouds
470,Deputatskiy,RU,69.3,139.9,-13.72,99,100,0.36,overcast clouds
471,Kajaani,FI,64.2273,27.7285,35.6,80,20,4.61,few clouds
472,Bedele,ET,8.456,36.353,70.39,28,50,3.38,scattered clouds
473,Port Moresby,PG,-9.4431,147.1797,75.2,100,20,6.91,few clouds
474,Balfour,ZA,-26.6633,28.5902,75.99,30,47,4.0,scattered clouds
475,Bubaque,GW,11.2833,-15.8333,75.78,74,4,11.56,clear sky
476,Nanlong,CN,31.3533,106.0631,52.52,82,100,4.47,overcast clouds
477,Wanxian,CN,30.8039,108.3897,60.1,91,100,2.91,light rain
478,Zeya,RU,53.75,127.2667,22.98,79,100,13.2,overcast clouds
479,Jacmel,HT,18.2342,-72.5347,86.0,54,20,14.97,few clouds
480,Tawang,IN,27.5833,91.8667,39.11,85,75,1.07,broken clouds
481,Beloha,MG,-25.1667,45.05,73.71,72,1,14.79,clear sky
482,Sisimiut,GL,66.9395,-53.6735,12.43,77,100,9.71,overcast clouds
483,Inhambane,MZ,-23.865,35.3833,82.4,51,20,4.61,few clouds
484,Halvad,IN,23.0167,71.1833,87.21,15,2,9.06,clear sky
485,Safakulevo,RU,54.9901,62.5442,32.5,86,71,13.38,broken clouds
486,Akyab,MM,20.15,92.9,80.06,80,20,3.0,few clouds
487,Chernyshevskiy,RU,63.0128,112.4714,-24.54,100,32,1.9,scattered clouds
488,Pak Phanang,TH,8.3511,100.202,80.92,74,33,5.1,scattered clouds
489,Quesnel,CA,52.9999,-122.5029,32.0,69,40,2.3,scattered clouds
490,Portland,US,45.5234,-122.6762,45.0,81,75,3.44,broken clouds
491,Adiake,CI,5.2863,-3.304,89.6,70,20,11.5,few clouds
492,Lagoa,PT,39.05,-27.9833,60.91,80,100,21.41,overcast clouds
493,Nova Londrina,BR,-22.7658,-52.985,83.53,40,12,7.18,few clouds
494,Khani,GE,41.9563,42.9566,48.2,81,75,4.61,broken clouds
495,Mercedes,AR,-34.6515,-59.4307,73.99,66,34,1.99,scattered clouds
496,Ust-Ilimsk,RU,58.0006,102.6619,30.13,83,100,11.12,overcast clouds
497,Bardiyah,LY,31.7561,25.0865,62.46,57,0,12.68,clear sky
498,Torbay,CA,47.6666,-52.7314,48.99,81,75,11.5,broken clouds
499,Hobyo,SO,5.3505,48.5268,83.01,71,52,12.3,broken clouds
500,Rassvet,RU,46.8333,40.75,50.58,65,34,4.38,scattered clouds
501,Aquiraz,BR,-3.9014,-38.3911,87.8,66,40,16.11,scattered clouds
502,Ocos,GT,14.5094,-92.1933,87.8,51,0,6.91,clear sky
503,Yulara,AU,-25.2406,130.9889,69.8,40,0,6.91,clear sky
504,Aksu,CN,41.1231,80.2644,45.32,59,100,8.61,light rain
505,Fare,PF,-16.7,-151.0167,81.32,71,0,4.09,light rain
506,Cupira,BR,-8.6167,-35.95,88.0,40,30,9.44,scattered clouds
507,Saint-Augustin,CA,51.226,-58.6502,36.05,99,100,11.43,overcast clouds
508,Santiago,CL,-33.4569,-70.6483,72.0,67,100,4.38,haze
509,Diego De Almagro,CL,-26.3667,-70.05,79.36,19,3,8.52,clear sky
510,Panjab,AF,34.388,67.0233,35.11,54,3,3.49,clear sky
511,Alcudia,ES,39.8532,3.1214,66.99,72,20,13.8,few clouds
512,Gat,IL,31.61,34.7642,61.0,100,13,12.01,few clouds
513,Solana Beach,US,32.9912,-117.2711,61.0,77,40,3.44,scattered clouds
514,Colares,PT,38.7992,-9.4469,64.99,59,40,10.36,scattered clouds
515,Itacarambi,BR,-15.1022,-44.0919,93.85,37,62,2.35,broken clouds
516,Agirish,RU,61.9247,63.0231,29.91,88,35,7.2,scattered clouds
517,Marsh Harbour,BS,26.5412,-77.0636,70.07,59,100,23.06,overcast clouds
518,Gualeguay,AR,-33.1416,-59.3097,74.32,54,20,8.05,few clouds
519,Pierre,US,44.3683,-100.351,60.01,46,1,5.75,clear sky
520,Sulangan,PH,11.1373,123.7228,81.7,78,100,17.2,overcast clouds
521,Murdochville,CA,48.9583,-65.5006,24.8,86,100,13.8,overcast clouds
522,Berlevag,NO,70.8578,29.0864,30.92,75,90,0.45,overcast clouds
523,Pontivy,FR,48.0,-3.0,60.8,55,0,18.41,clear sky
524,San Andres,CO,12.5847,-81.7006,80.6,74,40,11.5,scattered clouds
525,Mastic Beach,US,40.7668,-72.8521,33.8,40,40,18.41,scattered clouds
526,Bowen,AU,-20.0167,148.2333,69.8,88,75,11.5,drizzle
527,Sabang,ID,5.8933,95.3214,83.66,73,100,16.28,overcast clouds
528,Grand Gaube,MU,-20.0064,57.6608,80.01,79,6,1.99,light rain
529,Acarau,BR,-2.8856,-40.12,86.79,58,15,13.38,few clouds
530,Puerto Gaitan,CO,4.3133,-72.0816,82.72,66,98,6.42,overcast clouds
531,Kostomuksha,RU,64.571,30.5767,33.4,82,99,3.4,overcast clouds
532,Aksarka,RU,66.5606,67.7975,28.94,98,100,4.18,overcast clouds
533,Ishim,RU,56.1128,69.4902,34.25,90,100,16.58,overcast clouds
534,Krasnoyarskiy,RU,51.965,59.8967,23.04,89,63,8.77,broken clouds
535,Qinhuangdao,CN,39.9317,119.5883,48.85,85,100,3.36,overcast clouds
536,Hamilton,US,39.1834,-84.5333,41.0,51,1,4.59,clear sky
537,Gongzhuling,CN,43.5008,124.8198,51.01,50,100,16.64,overcast clouds
538,Banaue,PH,16.9136,121.0618,63.3,77,6,1.81,clear sky
539,Yinchuan,CN,38.4681,106.2731,46.0,53,100,7.2,overcast clouds
540,Klaksvik,FO,62.2266,-6.589,44.6,81,75,6.91,broken clouds
541,Ugoofaaru,MV,5.6667,73.0,83.46,74,0,10.22,clear sky
542,Narowal,PK,32.1,74.8833,69.8,26,0,3.44,haze
543,Taos,US,36.4072,-105.5731,53.01,27,1,3.24,clear sky
544,Luvianos,MX,18.9167,-100.4,78.31,24,1,3.22,clear sky
545,Ballina,AU,-28.8667,153.5667,71.6,60,90,12.66,overcast clouds
546,Tucume,PE,-6.51,-79.8583,75.2,69,40,13.8,scattered clouds
547,Ondjiva,AO,-17.0667,15.7333,86.0,48,40,6.91,scattered clouds
548,Vitim,RU,59.4511,112.5578,0.32,98,93,2.13,overcast clouds
549,Kalmunai,LK,7.4167,81.8167,81.21,86,82,3.94,broken clouds
550,Alyangula,AU,-13.8483,136.4192,78.62,68,100,10.29,overcast clouds
551,Ushtobe,KZ,45.2514,77.9838,40.93,67,49,6.6,scattered clouds
552,Metro,ID,-5.1131,105.3067,75.61,91,90,1.83,heavy intensity rain
553,Kemijarvi,FI,66.7131,27.4306,32.29,92,98,1.97,overcast clouds
554,Qui Nhon,VN,13.7667,109.2333,77.43,93,9,4.56,clear sky
555,Colquechaca,BO,-18.6667,-66.0167,39.16,62,91,5.06,overcast clouds
556,Kviteseid,NO,59.4022,8.4927,51.8,30,20,16.11,few clouds
557,Tolaga Bay,NZ,-38.3667,178.3,58.46,78,100,18.97,overcast clouds
558,Ararangua,BR,-28.9347,-49.4858,76.64,57,88,7.38,overcast clouds
559,Ippy,CF,6.2679,21.2247,84.92,44,97,4.16,overcast clouds
560,Salinas,US,36.6777,-121.6555,52.0,93,90,1.1,mist
561,Matamoros,MX,25.5333,-103.25,66.99,48,40,6.71,scattered clouds
562,San Lorenzo,PY,-25.3333,-57.5333,80.6,47,20,2.3,few clouds
563,Tuensang,IN,26.2833,94.8333,62.87,59,0,1.95,clear sky
564,Drovyanaya,RU,51.5833,113.0333,26.6,50,0,8.95,clear sky
565,Quatre Cocos,MU,-20.2078,57.7625,80.01,89,40,6.91,light rain
566,Amecameca,MX,19.1167,-98.7667,57.2,54,75,9.22,broken clouds
567,Yar-Sale,RU,66.8333,70.8333,30.45,98,100,6.29,overcast clouds
568,Nurota,UZ,40.5614,65.6886,53.6,37,3,13.8,clear sky
569,Anadyr,RU,64.75,177.4833,8.6,85,90,33.55,snow
570,Bud,US,39.447,-86.1758,39.0,48,1,2.21,clear sky
571,Sfantu Gheorghe,RO,45.8667,25.7833,50.0,84,54,7.0,broken clouds
572,Mo I Rana,NO,66.3128,14.1428,35.01,79,81,4.0,light snow
573,Anniston,US,33.6598,-85.8316,46.0,39,1,11.5,clear sky
574,Rudnogorsk,RU,57.2639,103.7519,28.2,81,100,9.24,overcast clouds
575,Uniontown,US,39.9001,-79.7164,36.0,28,27,8.99,scattered clouds
576,Nevelsk,RU,46.6733,141.8633,33.8,80,100,6.71,overcast clouds
577,Garowe,SO,8.4054,48.4845,87.1,24,0,1.43,clear sky
578,Rumonge,BI,-3.9736,29.4386,74.61,85,20,3.47,light rain
579,Abakaliki,NG,6.3163,8.1169,101.26,15,20,5.08,few clouds
580,Payyannur,IN,12.1,75.2,80.35,70,93,6.42,overcast clouds
581,Porosozero,RU,62.7191,32.727,31.77,93,100,2.08,light snow
582,Bytow,PL,54.1706,17.4919,46.0,65,63,8.99,broken clouds
583,Road Town,VG,18.4167,-64.6167,82.4,61,40,17.27,scattered clouds
584,Atbasar,KZ,51.8,68.3333,20.21,93,17,8.48,few clouds
585,Solnechnyy,RU,50.7214,136.6319,38.16,95,100,12.19,light rain
586,Yaan,NG,7.3833,8.5667,102.09,8,10,7.31,clear sky
587,Salvador,SV,13.8333,-88.9167,93.2,50,0,11.5,clear sky
588,Roald,NO,62.5833,6.1333,39.2,75,75,11.5,broken clouds
589,Inta,RU,66.0317,60.1659,26.6,95,100,7.78,overcast clouds
590,Machhlishahr,IN,25.6833,82.4167,82.4,36,0,4.61,haze
591,Tadine,NC,-21.55,167.8833,76.1,92,100,15.88,moderate rain
592,Sergach,RU,55.5308,45.4661,39.24,92,100,14.72,overcast clouds
593,Mul,IN,20.0667,79.6667,89.4,10,0,4.47,clear sky
594,Sao Joao Da Barra,BR,-21.6403,-41.0511,86.0,48,0,4.61,clear sky
595,Sakakah,SA,29.9697,40.2064,69.8,21,0,19.57,clear sky
596,Berdigestyakh,RU,62.0989,126.6992,-20.13,100,50,3.0,scattered clouds
597,Dobrun,RU,53.1851,34.2462,42.8,56,100,6.71,overcast clouds
598,Kushiro,JP,42.975,144.3747,37.2,87,100,7.18,overcast clouds
599,Panaba,MX,21.2833,-88.2667,74.01,58,100,16.33,overcast clouds
600,Elizabeth City,US,36.2946,-76.2511,39.99,48,75,14.97,broken clouds
601,Chinhoyi,ZW,-17.3667,30.2,70.86,49,2,1.95,clear sky
602,Jacareacanga,BR,-6.2222,-57.7528,83.08,66,97,3.27,overcast clouds
603,Kenmare,IE,51.8833,-9.5833,60.51,58,9,6.04,clear sky
604,Gazojak,TM,41.1875,61.4036,59.14,20,93,18.43,overcast clouds
605,Okhotsk,RU,59.3833,143.3,6.91,93,55,6.42,broken clouds
606,Todos Santos,MX,23.45,-110.2167,87.01,33,20,4.61,few clouds
607,Sorong,ID,-0.8833,131.25,79.57,83,100,2.13,moderate rain
608,Byron Bay,AU,-28.65,153.6167,71.6,60,90,12.66,overcast clouds
609,Nemuro,JP,43.3236,145.575,37.33,83,91,14.18,overcast clouds
610,Srivardhan,IN,18.0333,73.0167,79.29,68,92,1.95,overcast clouds
611,Moose Factory,CA,51.2585,-80.6094,24.8,36,1,6.91,clear sky
612,Iquitos,PE,-3.7481,-73.2472,87.8,62,75,4.61,broken clouds
613,Axim,GH,4.8699,-2.2405,83.41,74,78,11.12,light rain
614,Touros,BR,-5.1989,-35.4608,86.0,62,40,10.36,scattered clouds
615,Tayu,ID,-6.5397,111.0518,78.04,88,11,4.79,few clouds
616,Sorland,NO,67.667,12.6934,35.29,68,100,20.96,light snow
617,Lasem,ID,-6.6922,111.4527,78.6,87,35,2.86,scattered clouds
618,Aswan,EG,24.0934,32.907,73.92,12,0,13.85,clear sky
619,Suchitlan,MX,19.3667,-103.7167,80.6,44,1,11.5,clear sky
620,Seoul,KR,37.5683,126.9778,62.6,58,0,2.3,clear sky
621,Chaihe,CN,44.7667,129.7,49.01,69,100,11.65,light rain
622,Eureka,US,40.8021,-124.1637,48.0,93,90,3.44,overcast clouds
623,Ola,RU,59.5833,151.2833,1.08,87,4,6.96,clear sky
624,Jasper,US,37.2001,-94.3502,53.01,30,1,16.11,clear sky
625,Galveston,US,29.3669,-94.9669,62.01,41,1,19.57,clear sky
626,Dogondoutchi,NE,13.6393,4.0287,99.19,4,6,13.15,clear sky
627,Valparaiso,CL,-33.0393,-71.6273,60.8,82,75,3.44,broken clouds
628,Segezha,RU,63.7415,34.3222,32.41,90,100,1.83,overcast clouds
629,Jadu,LY,31.953,12.0261,77.97,13,0,9.46,clear sky
630,Amahai,ID,-3.3333,128.9167,78.67,85,95,3.89,overcast clouds
631,Balikpapan,ID,-1.2675,116.8289,77.94,84,100,1.97,overcast clouds
632,Talcahuano,CL,-36.7167,-73.1167,62.6,67,40,6.91,scattered clouds
633,Baruun-Urt,MN,46.6806,113.2792,28.72,41,3,5.17,clear sky
634,Kilindoni,TZ,-7.9139,39.6668,80.19,81,100,16.69,overcast clouds
635,Forestville,US,38.8451,-76.875,41.0,38,40,17.27,scattered clouds
636,Miri,MY,4.4148,114.0089,77.0,88,20,1.14,few clouds
637,Yaring,TH,6.8662,101.3689,78.67,83,35,7.76,scattered clouds
638,Vilyuysk,RU,63.7553,121.6247,-1.91,92,100,10.36,overcast clouds
639,Kresttsy,RU,58.2452,32.5165,36.48,84,100,2.95,overcast clouds
640,Severnyy,RU,50.677,36.5532,55.4,41,0,8.95,clear sky
641,Chipinge,ZW,-20.1883,32.6236,64.09,71,5,5.19,clear sky
642,Yumen,CN,40.2833,97.2,44.42,18,100,20.87,overcast clouds
643,San Carlos Del Zulia,VE,9.0,-71.9135,85.75,63,91,3.15,overcast clouds
644,Primo Tapia,MX,32.22,-116.9172,60.8,72,1,6.91,clear sky
645,Sorata,BO,-15.7667,-68.6333,49.89,82,97,7.29,overcast clouds
646,Primorsko-Akhtarsk,RU,46.0497,38.1747,48.54,74,0,10.0,clear sky
647,Luwuk,ID,-0.9516,122.7875,79.45,80,100,3.76,overcast clouds
648,Pamekasan,ID,-7.1568,113.4746,79.81,79,76,3.67,broken clouds
649,Polyarnyy,RU,69.1989,33.4478,32.0,86,40,4.47,scattered clouds
650,Olindina,BR,-11.3667,-38.3333,96.98,28,14,9.1,few clouds
651,Maldonado,UY,-34.6667,-54.9167,73.99,77,40,9.22,scattered clouds
652,Saint-Georges,GD,12.0564,-61.7485,84.2,61,20,20.71,few clouds
653,Elbistan,TR,38.2059,37.1983,46.18,61,100,4.94,overcast clouds
654,Douentza,ML,14.9951,-2.9517,101.07,4,0,15.1,clear sky
655,Long Beach,US,33.767,-118.1892,63.0,77,90,9.22,overcast clouds
656,Palmer,US,42.1584,-72.3287,30.99,43,90,14.97,overcast clouds
657,Muros,ES,42.7762,-9.0603,62.01,91,98,11.01,overcast clouds
658,Coquimbo,CL,-29.9533,-71.3436,62.6,72,20,9.22,few clouds
659,Ust-Tsilma,RU,65.441,52.1498,25.12,94,90,4.12,overcast clouds
660,Boissevain,CA,49.2306,-100.0559,48.0,39,1,16.11,clear sky
661,Mareeba,AU,-17.0,145.4333,75.2,83,75,11.5,broken clouds
662,Kununurra,AU,-15.7667,128.7333,75.2,88,98,3.44,overcast clouds
663,Quirinopolis,BR,-18.4483,-50.4517,93.43,31,72,3.02,broken clouds
664,Huilong,CN,31.8111,121.655,63.0,93,100,7.43,overcast clouds
665,Wanning,CN,18.8003,110.3967,76.1,93,77,7.05,broken clouds
666,Platonovka,RU,52.7106,41.952,41.41,82,91,10.94,overcast clouds
667,Meulaboh,ID,4.1363,96.1285,77.41,84,100,7.94,overcast clouds
668,Lang Son,VN,21.8333,106.7333,73.69,92,7,4.27,clear sky
669,Beruwala,LK,6.4788,79.9828,80.49,86,44,7.65,scattered clouds
670,Santa Fe,AR,-31.6333,-60.7,81.0,39,0,3.0,clear sky
671,Hay River,CA,60.8156,-115.7999,3.2,66,67,11.5,broken clouds
672,Graaff-Reinet,ZA,-32.2522,24.5308,59.0,87,97,15.7,overcast clouds
673,Yarmouth,US,41.7057,-70.2286,37.99,48,1,10.36,clear sky
674,Mahibadhoo,MV,3.7833,72.9667,83.19,78,16,13.69,few clouds
675,Ulan-Ude,RU,51.8261,107.6098,26.6,59,1,4.47,clear sky
676,Catamarca,AR,-28.4696,-65.7852,81.0,64,5,5.01,clear sky
677,Luau,AO,-10.7073,22.2247,71.51,89,71,2.82,moderate rain
678,Liverpool,GB,53.4106,-2.9779,57.2,47,0,5.75,clear sky
679,Cooma,AU,-36.2333,149.1333,44.6,100,0,2.55,clear sky
680,Merauke,ID,-8.4667,140.3333,76.37,92,100,5.68,overcast clouds
681,Tarko-Sale,RU,64.9225,77.785,28.36,95,98,5.32,overcast clouds
682,Vredendal,ZA,-31.6683,18.5012,71.55,45,82,12.91,broken clouds
683,Pappinisseri,IN,11.95,75.35,80.42,70,94,5.46,overcast clouds
684,Asau,RO,46.4333,26.4,50.0,57,99,4.61,overcast clouds
685,Benghazi,LY,32.1167,20.0667,62.1,48,0,7.0,clear sky
686,Buzmeyin,TM,38.0507,58.2056,75.2,22,75,9.22,broken clouds
687,Portmore,JM,17.9702,-76.8672,89.01,61,20,5.75,few clouds
688,Pizarro,CO,4.9533,-77.366,81.07,81,54,5.53,light rain
689,Marawi,PH,7.9986,124.2928,69.03,97,100,1.66,overcast clouds
690,Osmena,PH,10.5208,119.9258,82.22,76,100,14.18,overcast clouds
691,Hearst,CA,49.6835,-83.6665,32.0,43,49,6.91,scattered clouds
692,Conceicao Do Araguaia,BR,-8.2578,-49.2647,85.71,63,84,5.73,broken clouds
693,Bira,RU,49.0,132.4667,44.2,84,98,8.9,light rain
694,Daru,PG,-9.0763,143.2092,75.61,93,100,8.66,overcast clouds
695,Puerto Escondido,MX,15.85,-97.0667,89.73,31,0,1.95,clear sky
696,High Level,CA,58.5169,-117.136,14.0,79,75,9.22,broken clouds
697,Barra Patuca,HN,15.8,-84.2833,82.35,65,9,11.52,clear sky
698,Tilichiki,RU,60.4667,166.1,0.41,96,92,4.54,overcast clouds
699,Margate,GB,51.3813,1.3862,45.0,70,29,5.99,scattered clouds
